Workbook

Sheet 00_README
A1: GuMaster2D — Godot coding backlog
A2: 07/10/2026 | Godot4.7.2 / GDScript | PC native first | Giờ hữu ích, không phải giờ lịch
A4: Mục | B4: Giá trị / cách dùng
A5: Phạm vi | B5: 11 task còn lại của sprint 2 tuần tiếp theo; 84h base +20%reserve =100,8h. Không cộng thêm vào tổng199PD alpha một cách máy móc.
A6: Công suất | B6: 4 người ×20h/tuần ×2tuần ×75%focus =120h hữu ích; giờ/role xem02_CAPACITY.
A7: Status | B7: Tất cả task backlog mới chưa bắt đầu; prototype hiện có được trace riêng. Sửa Status/Evidence khi đội review.
A8: FSD/WBS | B8: Đối chiếu ../planning/GuMaster2D_FSD_WBS_Plan.xlsx. Test local không nghiệm thu yêu cầu online.
A9: Source | B9: GODOT_IMPLEMENTATION_PLAN.md; tools/generate_coding_backlog.py tạo lại XLSX/CSV. Lưu bản copy nếu đã sửa workbook thủ công.
A10: Ngày | B10: Chưa chốt kickoff thật. Dùng ngày1–10 trong coding plan; lịch36tuần trong workbook chính vẫn chỉ là forecast.
A11: Rủi ro | B11: Chưa re-estimate Godot/transport/DB; G04/G07 phối hợp bằng payload mẫu và stub ngày1, không chờ tuần tự toàn bộ.

Sheet 01_BACKLOG
A1: Sprint Godot — 4 owners / 2 weeks
A2: 07/10/2026 | Godot4.7.2 / GDScript | PC native first | Giờ hữu ích, không phải giờ lịch
A4: ID | B4: Owner | C4: Việc cụ thể | D4: Base h | E4: Reserve h | F4: Total h | G4: Dependency | H4: Reviewer | I4: Status | J4: Definition of Done | K4: Evidence / issue
A5: G01 | B5: GD/QA | C5: Rà luật prototype, ghi 10 ca chơi, chốt tên vai trò và máy test | D5: 6 | E5: =D5*0.2 -> 1.2 | F5: =D5+E5 -> 7.2 | G5: Bản hiện tại | H5: CL | I5: Chưa bắt đầu | J5: Issue có bước tái hiện; danh sách AC được chấp nhận
A6: G02 | B6: GD/QA | C6: Chuẩn bị 5 Cổ đầu và test matrix G1 | D6: 8 | E6: =D6*0.2 -> 1.6 | F6: =D6+E6 -> 9.6 | G6: G01 | H6: CL | I6: Chưa bắt đầu | J6: Data/cost/duration/range/food có đơn vị; 10 negative cases/primitive
A7: G03 | B7: CL | C7: Tách Bag/Hotbar/Pause thành scene, thêm input actions/remap cơ bản | D7: 8 | E7: =D7*0.2 -> 1.6 | F7: =D7+E7 -> 9.6 | G7: Bản hiện tại | H7: SV | I7: Chưa bắt đầu | J7: UI chỉnh được trong editor; không rò click; test cũ vẫn đạt
A8: G04 | B8: CL | C8: CommandGateway, typed snapshot và remote actor interpolation | D8: 10 | E8: =D8*0.2 -> 2 | F8: =D8+E8 -> 12 | G8: G07 phối hợp | H8: SV | I8: Chưa bắt đầu | J8: Client không sửa authority; hai avatar hiển thị đúng ID
A9: G05 | B9: CL | C9: Spike Windows export + Web single-thread | D9: 6 | E9: =D9*0.2 -> 1.2 | F9: =D9+E9 -> 7.2 | G9: G03 | H9: SV | I9: Chưa bắt đầu | J9: Ghi version/templates/size/FPS; login chưa có được ghi rõ
A10: G06 | B10: SV | C10: Headless server shell, session test và command validation | D10: 8 | E10: =D10*0.2 -> 1.6 | F10: =D10+E10 -> 9.6 | G10: Bản hiện tại | H10: CL | I10: Chưa bắt đầu | J10: Hai client LAN kết nối; server sở hữu movement/cooldown
A11: G07 | B11: SV | C11: Protocol v1 + ENet spike; đánh giá WebSocket adapter | D11: 8 | E11: =D11*0.2 -> 1.6 | F11: =D11+E11 -> 9.6 | G11: G06 | H11: CL | I11: Chưa bắt đầu | J11: Sequence, denial, snapshot; duplicate/out-of-order không làm warp
A12: G08 | B12: SV | C12: PostgreSQL/service adapter spike cho feed receipt | D12: 8 | E12: =D12*0.2 -> 1.6 | F12: =D12+E12 -> 9.6 | G12: G06 | H12: CL | I12: Chưa bắt đầu | J12: Cùng UUID 20 retry và hai kết nối chỉ consume 1; rollback khi lỗi
A13: G09 | B13: AR | C13: Style guide, chỉnh avatar/sói và silhouette trong scene hiện có | D13: 8 | E13: =D13*0.2 -> 1.6 | F13: =D13+E13 -> 9.6 | G13: Bản hiện tại | H13: GD/QA | I13: Chưa bắt đầu | J13: Nhân vật/mục tiêu đọc rõ ở 1366×768; asset manifest
A14: G10 | B14: AR | C14: Bộ 5 icon và tín hiệu ready/cooldown/đói/không đủ mana | D14: 8 | E14: =D14*0.2 -> 1.6 | F14: =D14+E14 -> 9.6 | G14: G02, G03 phối hợp | H14: GD/QA | I14: Chưa bắt đầu | J14: Skill trạng thái đọc được khi mute và không chỉ dựa màu
A15: G11 | B15: AR | C15: Chỉnh collision/đường đi, mép map và vùng trại | D15: 6 | E15: =D15*0.2 -> 1.2 | F15: =D15+E15 -> 7.2 | G15: G01 | H15: GD/QA | I15: Chưa bắt đầu | J15: 10 đường qua props không kẹt; ranh safe zone khớp mô phỏng

Sheet 02_CAPACITY
A1: Công suất sprint — sửa giờ và focus khi đội chốt
A2: 07/10/2026 | Godot4.7.2 / GDScript | PC native first | Giờ hữu ích, không phải giờ lịch
A4: Role | B4: h/tuần | C4: Focus | D4: Capacity h | E4: Base task h | F4: Incl reserve h | G4: Remaining h
A5: GD/QA | B5: 20 | C5: 0.75 | D5: =B5*2*C5 -> 30 | E5: =SUMIF('01_BACKLOG'!B5:B15,A5,'01_BACKLOG'!D5:D15) -> 14 | F5: =SUMIF('01_BACKLOG'!B5:B15,A5,'01_BACKLOG'!F5:F15) -> 16.8 | G5: =D5-F5 -> 13.2
A6: CL | B6: 20 | C6: 0.75 | D6: =B6*2*C6 -> 30 | E6: =SUMIF('01_BACKLOG'!B5:B15,A6,'01_BACKLOG'!D5:D15) -> 24 | F6: =SUMIF('01_BACKLOG'!B5:B15,A6,'01_BACKLOG'!F5:F15) -> 28.8 | G6: =D6-F6 -> 1.2
A7: SV | B7: 20 | C7: 0.75 | D7: =B7*2*C7 -> 30 | E7: =SUMIF('01_BACKLOG'!B5:B15,A7,'01_BACKLOG'!D5:D15) -> 24 | F7: =SUMIF('01_BACKLOG'!B5:B15,A7,'01_BACKLOG'!F5:F15) -> 28.8 | G7: =D7-F7 -> 1.2
A8: AR | B8: 20 | C8: 0.75 | D8: =B8*2*C8 -> 30 | E8: =SUMIF('01_BACKLOG'!B5:B15,A8,'01_BACKLOG'!D5:D15) -> 22 | F8: =SUMIF('01_BACKLOG'!B5:B15,A8,'01_BACKLOG'!F5:F15) -> 26.4 | G8: =D8-F8 -> 3.6
A9: TOTAL | D9: =SUM(D5:D8) -> 120 | E9: =SUM(E5:E8) -> 84 | F9: =SUM(F5:F8) -> 100.8 | G9: =SUM(G5:G8) -> 19.2
A10: Lưu ý | B10: Thay capacity không tự đổi estimate/dependency; nếu role quá tải phải rebaseline.

Sheet 03_FSD_TRACE
A1: Prototype evidence — tất cả chỉ một phần/local
A2: 07/10/2026 | Godot4.7.2 / GDScript | PC native first | Giờ hữu ích, không phải giờ lịch
A4: FSD | B4: WBS | C4: Đã có | D4: Còn thiếu
A5: CL-003, CL-004 | B5: T01-CL, T02-CL, T03-CL | C5: WorldGrid, WorldView; tìm đường, sweep, input, screenshot | D5: Server xác nhận, camera clamp, kiểm máy/resolution chính thức
A6: CL-005, CL-006 | B6: T03-CL, T04-CL, T06-CL | C6: Chọn sói, target HP, minimap | D6: NPC/autowalk/portal/party/AOI/handoff
A7: CL-007–CL-010 | B7: T04-AR, T05-CL, T05-AR | C7: 4 Cổ, QWER/click, mana, cooldown, FX | D7: Cổ thứ 5, remap, AoE/cast bar/stun/heal, server events
A8: CL-011, CL-012 | B8: T06-CL, T06-SV | C8: AI, kill once local, loot, penalty một lần, respawn | D8: Hai client/owner, durable reward receipt, inbox chuẩn 100 entry
A9: CL-013 | B9: T07-CL | C9: 30 ô, stack 99, Gu unique, overflow local | D9: Filter/sort và toàn bộ UI inventory alpha
A10: CL-016, CL-017 | B10: T08-CL | C10: HP/tầm/seal/channel/RNG/cancel, feed/version/retry | D10: Exclusive claim nhiều client, transaction, offline/session policy
A11: CL-020, CL-021, CL-029 | B11: T10-CL, T03-GD | C11: XP curve, khảo nghiệm, hướng dẫn | D11: Rank II, 10 quest, onboarding thử với người mới
A12: SV-005, SV-006, SV-010 | B12: T05-SV, T06-SV, T08-SV | C12: Logic local làm reference cho server | D12: Server độc lập, auth, concurrency và persistence
